<?xml version="1.0" encoding="UTF-8"?>
<configuration>
    <property name="max.retention.days" value="60" />
    <appender name="CONSOLE" class="org.apache.juli.logging.ch.qos.logback.core.ConsoleAppender">
        <encoder>
            <pattern>%d{yyyy-MM-dd HH:mm:ss.SSS} [%logger{20}] [%-5level]: %msg%n</pattern>
        </encoder>
    </appender>
    <appender name="FILE-CATALINA" class="org.apache.juli.logging.ch.qos.logback.core.rolling.RollingFileAppender">
        <file>${catalina.base}/logs/catalina.log</file>
        <append>true</append>
        <encoder>
            <charset>utf-8</charset>
            <pattern>%d{yyyy-MM-dd HH:mm:ss.SSS} [%thread] [%logger{40}] [%-5level]: %msg%n</pattern>
        </encoder>
        <rollingPolicy class="org.apache.juli.logging.ch.qos.logback.core.rolling.TimeBasedRollingPolicy">
            <fileNamePattern>${catalina.base}/logs/archive/catalina-%d{yyyyMMdd}-%i.log.zip</fileNamePattern> 
            <maxHistory>${max.retention.days}</maxHistory>
            <cleanHistoryOnStart>true</cleanHistoryOnStart>
            <timeBasedFileNamingAndTriggeringPolicy class="org.apache.juli.logging.ch.qos.logback.core.rolling.SizeAndTimeBasedFNATP">
                <maxFileSize>20MB</maxFileSize> 
            </timeBasedFileNamingAndTriggeringPolicy>
        </rollingPolicy>
    </appender>
    <appender name="FILE-LOCALHOST" class="org.apache.juli.logging.ch.qos.logback.core.rolling.RollingFileAppender">
        <file>${catalina.base}/logs/localhost.log</file>
        <append>true</append>
        <encoder>
            <charset>utf-8</charset>
            <pattern>%d{yyyy-MM-dd HH:mm:ss.SSS} [%thread] [%logger{0}] [%-5level]: %msg%n</pattern>
        </encoder>
        <rollingPolicy class="org.apache.juli.logging.ch.qos.logback.core.rolling.TimeBasedRollingPolicy">
            <fileNamePattern>${catalina.base}/logs/archive/localhost-%d{yyyyMMdd}-%i.log.zip</fileNamePattern> 
            <maxHistory>${max.retention.days}</maxHistory>
            <timeBasedFileNamingAndTriggeringPolicy class="org.apache.juli.logging.ch.qos.logback.core.rolling.SizeAndTimeBasedFNATP">
                <maxFileSize>20MB</maxFileSize> 
            </timeBasedFileNamingAndTriggeringPolicy>
        </rollingPolicy>
    </appender>
    <appender name="FILE-MANAGER" class="org.apache.juli.logging.ch.qos.logback.core.rolling.RollingFileAppender">
        <file>${catalina.base}/logs/manager.log</file>
        <append>true</append>
        <encoder>
            <charset>utf-8</charset>
            <pattern>%d{yyyy-MM-dd HH:mm:ss.SSS} [%thread] [%logger{0}] [%-5level]: %msg%n</pattern>
        </encoder>
        <rollingPolicy class="org.apache.juli.logging.ch.qos.logback.core.rolling.TimeBasedRollingPolicy">
            <fileNamePattern>${catalina.base}/logs/archive/manager-%d{yyyyMMdd}-%i.log.zip</fileNamePattern> 
            <maxHistory>${max.retention.days}</maxHistory>
            <timeBasedFileNamingAndTriggeringPolicy class="org.apache.juli.logging.ch.qos.logback.core.rolling.SizeAndTimeBasedFNATP">
                <maxFileSize>20MB</maxFileSize> 
            </timeBasedFileNamingAndTriggeringPolicy>
        </rollingPolicy>
    </appender>
    <appender name="FILE-HOST-MANAGER" class="org.apache.juli.logging.ch.qos.logback.core.rolling.RollingFileAppender">
        <file>${catalina.base}/logs/host-manager.log</file>
        <append>true</append>
        <encoder>
            <charset>utf-8</charset>
            <pattern>%d{yyyy-MM-dd HH:mm:ss.SSS} [%thread] [%logger{0}] [%-5level]: %msg%n</pattern>
        </encoder>
        <rollingPolicy class="org.apache.juli.logging.ch.qos.logback.core.rolling.TimeBasedRollingPolicy">
            <fileNamePattern>${catalina.base}/logs/archive/host-manager-%d{yyyyMMdd}-%i.log.zip</fileNamePattern> 
            <maxHistory>${max.retention.days}</maxHistory>
            <timeBasedFileNamingAndTriggeringPolicy class="org.apache.juli.logging.ch.qos.logback.core.rolling.SizeAndTimeBasedFNATP">
                <maxFileSize>20MB</maxFileSize> 
            </timeBasedFileNamingAndTriggeringPolicy>
        </rollingPolicy>
    </appender>
    <logger name="org.apache.catalina" level="INFO" additivity="false">
        <appender-ref ref="FILE-CATALINA" />
    </logger>
    <logger name="org.apache.catalina.core.ContainerBase.[Catalina].[localhost]" level="INFO" additivity="false">
        <appender-ref ref="FILE-LOCALHOST" />
    </logger>
    <logger name="org.apache.catalina.core.ContainerBase.[Catalina].[localhost].[/manager]" level="INFO" additivity="false">
        <appender-ref ref="FILE-MANAGER" />
    </logger>
    <logger name="org.apache.catalina.core.ContainerBase.[Catalina].[localhost].[/host-manager]" level="INFO" additivity="false">
        <appender-ref ref="FILE-HOST-MANAGER" />
    </logger>
    <root level="INFO">
        <appender-ref ref="CONSOLE" />
    </root>
</configuration>
